United States,US
India,IN
Thailand,TH
Canada,CA
United Kingdom,UK
Italy,IT
Saudi Arabia,SA
United Arab Emirates,AE
Netherlands,NL
France,FR
Germany,DE
Australia,AU
Malaysia,MY
Kuwait,KW
Mauritius,MU
Nepal,NP
New Zealand,NZ
Oman,OM
Qatar,QA
Myanmar,MM
Portugal,PT
Spain,ES
Fiji,FJ
Afghanistan,AF
Åland Islands,AX
Albania,AL
Algeria,DZ
American Samoa,AS
Andorra,AD
Angola,AO
Anguilla,AI
Antarctica,AQ
Antigua and Barbuda,AG
Argentina,AR
Armenia,AM
Aruba,AW
Austria,AT
Azerbaijan,AZ
Bahamas,BS
Bahrain,BH
Bangladesh,BD
Barbados,BB
Belarus,BY
Belgium,BE
Belize,BZ
Benin,BJ
Bermuda,BM
Bhutan,BT
Bolivia,BO
Bonaire,BQ
Bosnia and Herzegovina,BA
Botswana,BW
Bouvet Island,BV
Brazil,BR
British Indian Ocean Territory,IO
Brunei Darussalam,BN
Bulgaria,BG
Burkina Faso,BF
Burundi,BI
Cambodia,KH
Cameroon,CM
Cape Verde,CV
Cayman Islands,KY
Central African Republic,CF
Chad,TD
Chile,CL
China,CN
Christmas Island,CX
Cocos (Keeling) Islands,CC
Colombia,CO
Comoros,KM
Congo,CG
Congo,CD
Cook Islands,CK
Costa Rica,CR
Côte d'Ivoire,CI
Croatia,HR
Cuba,CU
Curaçao,CW
Cyprus,CY
Czech Republic,CZ
Denmark,DK
Djibouti,DJ
Dominica,DM
Dominican Republic,DO
Ecuador,EC
Egypt,EG
El Salvador,SV
Equatorial Guinea,GQ
Eritrea,ER
Estonia,EE
Ethiopia,ET
Falkland Islands (Malvinas),FK
Faroe Islands,FO
Finland,FI
French Guiana,GF
French Polynesia,PF
French Southern Territories,TF
Gabon,GA
Gambia,GM
Georgia,GE
Ghana,GH
Gibraltar,GI
Greece,GR
Greenland,GL
Grenada,GD
Guadeloupe,GP
Guam,GU
Guatemala,GT
Guernsey,GG
Guinea,GN
Guinea-Bissau,GW
Guyana,GY
Haiti,HT
Heard Island and McDonald Islands,HM
Holy See (Vatican City State),VA
Honduras,HN
Hong Kong,HK
Hungary,HU
Iceland,IS
Indonesia,ID
Iran,IR
Iraq,IQ
Ireland,IE
Isle of Man,IM
Israel,IL
Jamaica,JM
Japan,JP
Jersey,JE
Jordan,JO
Kazakhstan,KZ
Kenya,KE
Kiribati,KI
Korea,KP
Korea,KR
Kyrgyzstan,KG
Lao People's Democratic Republic,LA
Latvia,LV
Lebanon,LB
Lesotho,LS
Liberia,LR
Libya,LY
Liechtenstein,LI
Lithuania,LT
Luxembourg,LU
Macao,MO
Macedonia,MK
Madagascar,MG
Malawi,MW
Maldives,MV
Mali,ML
Malta,MT
Marshall Islands,MH
Martinique,MQ
Mauritania,MR
Mayotte,YT
Mexico,MX
Micronesia,FM
Moldova,MD
Monaco,MC
Mongolia,MN
Montenegro,ME
Montserrat,MS
Morocco,MA
Mozambique,MZ
Namibia,NA
Nauru,NR
New Caledonia,NC
Nicaragua,NI
Niger,NE
Nigeria,NG
Niue,NU
Norfolk Island,NF
Northern Mariana Islands,MP
Norway,NO
Pakistan,PK
Palau,PW
Palestinian Territory,PS
Panama,PA
Papua New Guinea,PG
Paraguay,PY
Peru,PE
Philippines,PH
Pitcairn,PN
Poland,PL
Puerto Rico,PR
Réunion,RE
Romania,RO
Russian Federation,RU
Rwanda,RW
Saint Barthélemy,BL
Saint Helena,SH
Saint Kitts and Nevis,KN
Saint Lucia,LC
Saint Martin (French part),MF
Saint Pierre and Miquelon,PM
Saint Vincent and the Grenadines,VC
Samoa,WS
San Marino,SM
Sao Tome and Principe,ST
Senegal,SN
Serbia,RS
Seychelles,SC
Sierra Leone,SL
Singapore,SG
Sint Maarten (Dutch part),SX
Slovakia,SK
Slovenia,SI
Solomon Islands,SB
Somalia,SO
South Africa,ZA
South Georgia and the South Sandwich Islands,GS
South Sudan,SS
Sri Lanka,LK
Sudan,SD
Suriname,SR
Svalbard and Jan Mayen,SJ
Swaziland,SZ
Sweden,SE
Switzerland,CH
Syrian Arab Republic,SY
Taiwan,TW
Tajikistan,TJ
Tanzania,TZ
Timor-Leste,TL
Togo,TG
Tokelau,TK
Tonga,TO
Trinidad and Tobago,TT
Tunisia,TN
Turkey,TR
Turkmenistan,TM
Turks and Caicos Islands,TC
Tuvalu,TV
Uganda,UG
Ukraine,UA
United States Minor Outlying Islands,UM
Uruguay,UY
Uzbekistan,UZ
Vanuatu,VU
Venezuela,VE
Viet Nam,VN
Virgin Islands,VG
Virgin Islands,VI
Wallis and Futuna,WF
Western Sahara,EH
Yemen,YE
Zambia,ZM
Zimbabwe,ZW